backbone,header,full_sequence,target_sequence,binder_sequence,full_length,binder_length,mpnn_score,global_score,sequence_recovery
design_9_0,">T=0.1, sample=6, score=0.8210, global_score=1.3588, seq_recovery=0.0000",AAVAAAVAQAHLALARAVADASPEEQAAAAARANAAAVAAAADPAAAPAHLAAWPEAAALLAARLAAAAA,,AAVAAAVAQAHLALARAVADASPEEQAAAAARANAAAVAAAADPAAAPAHLAAWPEAAALLAARLAAAAA,70,70,0.821,1.3588,0.0
design_19_0,">T=0.1, sample=4, score=0.8493, global_score=1.3756, seq_recovery=0.0571",SEAARAAAAAAAAAGAAAAAATACPAAAAAAAAAAAGAAAASAEGGLSQETADALIAAVNARAAALCAAA,,SEAARAAAAAAAAAGAAAAAATACPAAAAAAAAAAAGAAAASAEGGLSQETADALIAAVNARAAALCAAA,70,70,0.8493,1.3756,0.0571
design_0_0,">T=0.1, sample=4, score=0.8645, global_score=1.3683, seq_recovery=0.0571",MEASDKLAAALAALAAAAAAAAAAGDLAAGRAALAAAGDAAAAELAKLSPAKGAAMAAATASLLAALAAA,,MEASDKLAAALAALAAAAAAAAAAGDLAAGRAALAAAGDAAAAELAKLSPAKGAAMAAATASLLAALAAA,70,70,0.8645,1.3683,0.0571
design_7_0,">T=0.1, sample=6, score=0.8931, global_score=1.3808, seq_recovery=0.0286",AAAARAALLAAAAAAAAAAAAATAALAAAAAELTAAGNAAGAAALKAAAAALAAAAAAAVAAARAAAAAL,,AAAARAALLAAAAAAAAAAAAATAALAAAAAELTAAGNAAGAAALKAAAAALAAAAAAAVAAARAAAAAL,70,70,0.8931,1.3808,0.0286
design_6_0,">T=0.1, sample=1, score=0.9113, global_score=1.3849, seq_recovery=0.0286",ATCAALAERAEAAAKAYGLALVAGNATAAAEAAAAAAAVLAEAAADPECAAKVAAVVAKTAAAAAKAAAA,,ATCAALAERAEAAAKAYGLALVAGNATAAAEAAAAAAAVLAEAAADPECAAKVAAVVAKTAAAAAKAAAA,70,70,0.9113,1.3849,0.0286
design_4_0,">T=0.1, sample=7, score=0.9173, global_score=1.3692, seq_recovery=0.0714",SEEKRRAAEEARARARERIAALDPANAERIMAAIEEVSPGGARAIGLGLGDEELARLAEEAARLRREVKA,,SEEKRRAAEEARARARERIAALDPANAERIMAAIEEVSPGGARAIGLGLGDEELARLAEEAARLRREVKA,70,70,0.9173,1.3692,0.0714
design_18_0,">T=0.1, sample=4, score=0.9340, global_score=1.4174, seq_recovery=0.0714",AAAAAAAAAAAAALASAVAGAAAAGELNPKAKPAVDAAIAALAAAFPALAPALAAGAAKGKELAAGAKSK,,AAAAAAAAAAAAALASAVAGAAAAGELNPKAKPAVDAAIAALAAAFPALAPALAAGAAKGKELAAGAKSK,70,70,0.934,1.4174,0.0714
design_22_0,">T=0.1, sample=3, score=0.9394, global_score=1.4228, seq_recovery=0.0143",LDEQDARACLRAAENALAAAKANPATALRDLVAAAWFLARAAEALDPAAGAAAAAAAAALAAAAAAALAA,,LDEQDARACLRAAENALAAAKANPATALRDLVAAAWFLARAAEALDPAAGAAAAAAAAALAAAAAAALAA,70,70,0.9394,1.4228,0.0143
design_23_0,">T=0.1, sample=4, score=0.9519, global_score=1.4143, seq_recovery=0.0857",MGEGVRKVGEGCELLRRAVALAPEDPAAAAALAARGDELIAAGMATLSPAAAAAAAATRDALLAALAAAL,,MGEGVRKVGEGCELLRRAVALAPEDPAAAAALAARGDELIAAGMATLSPAAAAAAAATRDALLAALAAAL,70,70,0.9519,1.4143,0.0857
design_1_0,">T=0.1, sample=8, score=0.9583, global_score=1.4177, seq_recovery=0.0286",SEAYKQALATLAAGIAAATKAAATDLAAGNATLDAARAQATAISPAAAATFNAAAAAAKAMMAEAVAERA,,SEAYKQALATLAAGIAAATKAAATDLAAGNATLDAARAQATAISPAAAATFNAAAAAAKAMMAEAVAERA,70,70,0.9583,1.4177,0.0286
