seq_id,backbone,binder_sequence,binder_length,mpnn_score,global_score,mean_plddt,predicted_pdb
design_9_0_rank0,design_9_0,AAVAAAVAQAHLALARAVADASPEEQAAAAARANAAAVAAAADPAAAPAHLAAWPEAAALLAARLAAAAA,70,0.821,1.3588,67.59,/content/drive/Othercomputers/My Mac/pdl1-mini-binder-design/data/results/esmfold_predictions/design_9_0_rank0.pdb
design_19_0_rank1,design_19_0,SEAARAAAAAAAAAGAAAAAATACPAAAAAAAAAAAGAAAASAEGGLSQETADALIAAVNARAAALCAAA,70,0.8493,1.3756,67.66,/content/drive/Othercomputers/My Mac/pdl1-mini-binder-design/data/results/esmfold_predictions/design_19_0_rank1.pdb
design_0_0_rank2,design_0_0,MEASDKLAAALAALAAAAAAAAAAGDLAAGRAALAAAGDAAAAELAKLSPAKGAAMAAATASLLAALAAA,70,0.8645,1.3683,79.98,/content/drive/Othercomputers/My Mac/pdl1-mini-binder-design/data/results/esmfold_predictions/design_0_0_rank2.pdb
design_7_0_rank3,design_7_0,AAAARAALLAAAAAAAAAAAAATAALAAAAAELTAAGNAAGAAALKAAAAALAAAAAAAVAAARAAAAAL,70,0.8931,1.3808,96.69,/content/drive/Othercomputers/My Mac/pdl1-mini-binder-design/data/results/esmfold_predictions/design_7_0_rank3.pdb
design_6_0_rank4,design_6_0,ATCAALAERAEAAAKAYGLALVAGNATAAAEAAAAAAAVLAEAAADPECAAKVAAVVAKTAAAAAKAAAA,70,0.9113,1.3849,93.39,/content/drive/Othercomputers/My Mac/pdl1-mini-binder-design/data/results/esmfold_predictions/design_6_0_rank4.pdb
design_4_0_rank5,design_4_0,SEEKRRAAEEARARARERIAALDPANAERIMAAIEEVSPGGARAIGLGLGDEELARLAEEAARLRREVKA,70,0.9173,1.3692,82.02,/content/drive/Othercomputers/My Mac/pdl1-mini-binder-design/data/results/esmfold_predictions/design_4_0_rank5.pdb
design_18_0_rank6,design_18_0,AAAAAAAAAAAAALASAVAGAAAAGELNPKAKPAVDAAIAALAAAFPALAPALAAGAAKGKELAAGAKSK,70,0.934,1.4174,95.15,/content/drive/Othercomputers/My Mac/pdl1-mini-binder-design/data/results/esmfold_predictions/design_18_0_rank6.pdb
design_22_0_rank7,design_22_0,LDEQDARACLRAAENALAAAKANPATALRDLVAAAWFLARAAEALDPAAGAAAAAAAAALAAAAAAALAA,70,0.9394,1.4228,76.68,/content/drive/Othercomputers/My Mac/pdl1-mini-binder-design/data/results/esmfold_predictions/design_22_0_rank7.pdb
design_23_0_rank8,design_23_0,MGEGVRKVGEGCELLRRAVALAPEDPAAAAALAARGDELIAAGMATLSPAAAAAAAATRDALLAALAAAL,70,0.9519,1.4143,95.62,/content/drive/Othercomputers/My Mac/pdl1-mini-binder-design/data/results/esmfold_predictions/design_23_0_rank8.pdb
design_1_0_rank9,design_1_0,SEAYKQALATLAAGIAAATKAAATDLAAGNATLDAARAQATAISPAAAATFNAAAAAAKAMMAEAVAERA,70,0.9583,1.4177,95.09,/content/drive/Othercomputers/My Mac/pdl1-mini-binder-design/data/results/esmfold_predictions/design_1_0_rank9.pdb
